{
  "applicant_full_name": "Amir Rad",
  "applicant_father_name": "Hassan Rad",
  "applicant_birth_date": "1990-05-21",
  "applicant_id_number": "123456",
  "applicant_id_place_of_issue": "Tehran",
  "applicant_id_serial_number": "A987654",
  "applicant_national_code": "0012345678",
  "applicant_national_or_passport_number": "P1234567",
  "applicant_economic_code": "1122334455",
  "applicant_address": "No. 25, Saadi St, Tehran, Iran",
  "applicant_postal_code": "1599811111",
  "applicant_landline_number": "+982188888888",
  "applicant_mobile_number": "+989121111111",
  "applicant_contact_number": "+989121111111",
  "applicant_email": "amir.rad@example.com",

  "person1_full_name": "Ali Karimi",
  "person1_father_name": "Reza Karimi",
  "person1_birth_date": "1985-07-12",
  "person1_id_number": "654321",
  "person1_id_place_of_issue": "Isfahan",
  "person1_id_serial_number": "B123456",
  "person1_national_code": "0087654321",
  "person1_address": "Isfahan, Imam St.",
  "person1_postal_code": "8311111111",
  "person1_landline_number": "+983112345678",
  "person1_mobile_number": "+989121234567",
  "person1_email": "ali.karimi@example.com",

  "person2_full_name": "Sara Ahmadi",
  "person2_father_name": "Mahmoud Ahmadi",
  "person2_birth_date": "1992-03-14",
  "person2_id_number": "789012",
  "person2_id_place_of_issue": "Shiraz",
  "person2_id_serial_number": "C789012",
  "person2_national_code": "0045678901",
  "person2_address": "Shiraz, Zand St.",
  "person2_postal_code": "7131111111",
  "person2_landline_number": "+987112345678",
  "person2_mobile_number": "+989121234890",
  "person2_email": "sara.ahmadi@example.com",

  "company_name": "Mikamall Kish Co.",
  "company_registration_number": "392373",
  "company_registration_office": "Tehran Corporate Registry",
  "company_economic_code": "5566778899",
  "company_national_id": "12345678901",
  "company_representative_full_name": "Reza Mohammadi",
  "company_representative_father_name": "Ali Mohammadi",
  "company_representative_id_number": "554433",
  "company_representative_birth_date": "1979-09-30",
  "company_representative_national_code": "0011223344",
  "company_representative_position": "CEO",
  "company_second_representative_full_name": "Maryam Hosseini",
  "company_second_representative_father_name": "Hossein Hosseini",
  "company_second_representative_id_number": "667788",
  "company_second_representative_birth_date": "1984-02-10",
  "company_second_representative_national_code": "0055443322",
  "company_second_representative_position": "Financial Director",
  "company_official_notice_number": "2025/001",
  "company_official_gazette_number": "548921",
  "company_official_notice_date": "2025-01-15",
  "company_address": "Tehran, Mirdamad Blvd.",
  "company_postal_code": "1911111111",
  "company_landline_number": "+982122223333",
  "company_mobile_number": "+989123334455",
  "company_email": "info@mikamall.com",

  "contract_validity_period": "12 months",
  "repayment_duration_months": "24",
  "card_expiry_date": "2026-10-31",
  "card_credit_limit_number": "100000000",
  "card_credit_limit_words": "One hundred million",
  "annual_interest_rate_percent": "18",
  "repayment_period_months": "24",
  "card_subscription_fee_number": "500000",
  "card_subscription_fee_words": "Five hundred thousand",
  "promissory_note_number": "PN-2025-001",
  "promissory_note_amount_number_and_words": "1,000,000,000 (one billion)",
  "contract_signing_date": "2025-10-30",
  "contract_city": "Kish Island",

  "applicant_full_name_or_company_name": "Amir Rad / Mikamall Kish Co.",
  "bank_registration_number": "392373",
  "bank_branch_name": "Kish",
  "bank_operating_branch": "Main Office",
  "bank_branch_code": "1764",
  "bank_address": "Kish Island, Pardis Square, Goodman Tower",
  "bank_contact_number": "+987644422077",
  "bank_representative_full_name": "Ahmad Tavakoli",

  "client_account_number": "6037701234567890",
  "loan_contract_number": "LC-2025-009"
}
